src,role,file_key,label,condition_name,fundamental_frequency_hz,switching_frequency_hz,output_fundamental_voltage_v,load_resistance_ohm,load_inductor_mh
1cond:switching_frequency,TRAIN,tek0228,정상,fsw1_normal,60.0,14000.0,100.0,,
1cond:switching_frequency,TRAIN,tek0219,노화,fsw1_aged,60.0,14000.0,100.0,,
1cond:switching_frequency,TRAIN,tek0127,정상,fsw4_normal,60.0,2000.0,100.0,,
1cond:switching_frequency,TRAIN,tek0135,노화,fsw4_aged,60.0,2000.0,100.0,,
1cond:switching_frequency,UNSEEN_1C,tek0017,정상,reference_normal_unseen,60.0,8000.0,100.0,,
1cond:switching_frequency,UNSEEN_1C,tek0041,노화,reference_aged_unseen,60.0,8000.0,100.0,,
1cond:switching_frequency,UNSEEN_1C,tek0021,정상,fsw3_normal_unseen,60.0,5000.0,100.0,,
1cond:switching_frequency,UNSEEN_1C,tek0045,노화,fsw3_aged_unseen,60.0,5000.0,100.0,,
1cond:fundamental_frequency,TRAIN,tek0227,정상,f0_1_normal,90.0,8000.0,100.0,,
1cond:fundamental_frequency,TRAIN,tek0220,노화,f0_1_aged,90.0,8000.0,100.0,,
1cond:fundamental_frequency,TRAIN,tek0128,정상,f0_4_normal,30.0,8000.0,100.0,,
1cond:fundamental_frequency,TRAIN,tek0133,노화,f0_4_aged,30.0,8000.0,100.0,,
1cond:fundamental_frequency,UNSEEN_1C,tek0126,정상,f0_3_normal_unseen,45.0,8000.0,100.0,,
1cond:fundamental_frequency,UNSEEN_1C,tek0134,노화,f0_3_aged_unseen,45.0,8000.0,100.0,,
1cond:output_voltage,TRAIN,tek0129,정상,v_1_normal,60.0,8000.0,50.0,,
1cond:output_voltage,TRAIN,tek0132,노화,v_1_aged,60.0,8000.0,50.0,,
1cond:output_voltage,TRAIN,tek0226,정상,v_4_normal,60.0,8000.0,200.0,,
1cond:output_voltage,TRAIN,tek0223,노화,v_3_aged,60.0,8000.0,200.0,,
1cond:output_voltage,UNSEEN_1C,tek0152,정상,v_3_normal_unseen,60.0,8000.0,125.0,,
1cond:output_voltage,UNSEEN_1C,tek0161,노화,v_3_aged_unseen,60.0,8000.0,125.0,,
1cond:load_resistance,TRAIN,tek0225,정상,R1_normal,60.0,8000.0,100.0,,
1cond:load_resistance,TRAIN,tek0224,노화,R1_aged,60.0,8000.0,100.0,,
1cond:load_resistance,TRAIN,tek0138,정상,R4_normal,60.0,8000.0,100.0,,
1cond:load_resistance,TRAIN,tek0137,노화,R4_aged,60.0,8000.0,100.0,,
1cond:load_resistance,UNSEEN_1C,tek0025,정상,R3_normal_unseen,60.0,8000.0,100.0,,
1cond:load_resistance,UNSEEN_1C,tek0033,노화,R3_aged_unseen,60.0,8000.0,100.0,,
TWO_CONDITION_OUTER_TRAIN_FILES,TRAIN_2C_OUTER,tek0163,정상,two_condition_outer_1_normal,40.0,4000.0,100.0,32.0,18.0
TWO_CONDITION_OUTER_TRAIN_FILES,TRAIN_2C_OUTER,tek0173,노화,two_condition_outer_1_aged,40.0,4000.0,100.0,32.0,18.0
TWO_CONDITION_OUTER_TRAIN_FILES,TRAIN_2C_OUTER,tek0164,정상,two_condition_outer_2_normal,40.0,8000.0,135.0,32.0,18.0
TWO_CONDITION_OUTER_TRAIN_FILES,TRAIN_2C_OUTER,tek0174,노화,two_condition_outer_2_aged,40.0,8000.0,135.0,32.0,18.0
TWO_CONDITION_OUTER_TRAIN_FILES,TRAIN_2C_OUTER,tek0165,정상,two_condition_outer_3_normal,60.0,4000.0,135.0,32.0,18.0
TWO_CONDITION_OUTER_TRAIN_FILES,TRAIN_2C_OUTER,tek0175,노화,two_condition_outer_3_aged,60.0,4000.0,135.0,32.0,18.0
TWO_CONDITION_TEST_FILES,UNSEEN_2C,tek0153,정상,two_condition_case1_normal,45.0,5000.0,100.0,32.0,18.0
TWO_CONDITION_TEST_FILES,UNSEEN_2C,tek0150,노화,two_condition_case1_aged,45.0,5000.0,100.0,32.0,18.0
TWO_CONDITION_TEST_FILES,UNSEEN_2C,tek0170,정상,two_condition_case7_normal,45.0,5000.0,100.0,32.0,18.0
TWO_CONDITION_TEST_FILES,UNSEEN_2C,tek0180,노화,two_condition_case7_aged,45.0,5000.0,100.0,32.0,18.0
TWO_CONDITION_TEST_FILES,UNSEEN_2C,tek0234,정상,two_condition_case2_normal,50.0,6000.0,100.0,32.0,18.0
TWO_CONDITION_TEST_FILES,UNSEEN_2C,tek0237,노화,two_condition_case2_aged,50.0,6000.0,100.0,32.0,18.0
TWO_CONDITION_TEST_FILES,UNSEEN_2C,tek0154,정상,two_condition_case3_normal,45.0,8000.0,125.0,32.0,18.0
TWO_CONDITION_TEST_FILES,UNSEEN_2C,tek0151,노화,two_condition_case3_aged,45.0,8000.0,125.0,32.0,18.0
TWO_CONDITION_TEST_FILES,UNSEEN_2C,tek0171,정상,two_condition_case8_normal,45.0,8000.0,125.0,32.0,18.0
TWO_CONDITION_TEST_FILES,UNSEEN_2C,tek0181,노화,two_condition_case8_aged,45.0,8000.0,125.0,32.0,18.0
TWO_CONDITION_TEST_FILES,UNSEEN_2C,tek0146,정상,two_condition_case4_normal,50.0,8000.0,115.0,32.0,18.0
TWO_CONDITION_TEST_FILES,UNSEEN_2C,tek0159,노화,two_condition_case4_aged,50.0,8000.0,115.0,32.0,18.0
TWO_CONDITION_TEST_FILES,UNSEEN_2C,tek0143,정상,two_condition_case5_normal,60.0,5000.0,125.0,32.0,18.0
TWO_CONDITION_TEST_FILES,UNSEEN_2C,tek0157,노화,two_condition_case5_aged,60.0,5000.0,125.0,32.0,18.0
TWO_CONDITION_TEST_FILES,UNSEEN_2C,tek0182,노화,two_condition_case9_aged,60.0,5000.0,125.0,32.0,18.0
TWO_CONDITION_TEST_FILES,UNSEEN_2C,tek0145,정상,two_condition_case6_normal,60.0,6000.0,115.0,32.0,18.0
TWO_CONDITION_TEST_FILES,UNSEEN_2C,tek0160,노화,two_condition_case6_aged,60.0,6000.0,115.0,32.0,18.0
THREE_CONDITION_TEST_FILES,UNSEEN_3C,tek0166,정상,three_condition_case1_normal,50.0,6000.0,110.0,32.0,18.0
THREE_CONDITION_TEST_FILES,UNSEEN_3C,tek0176,노화,three_condition_case1_aged,50.0,6000.0,110.0,32.0,18.0
THREE_CONDITION_TEST_FILES,UNSEEN_3C,tek0167,정상,three_condition_case2_normal,50.0,7000.0,115.0,32.0,18.0
THREE_CONDITION_TEST_FILES,UNSEEN_3C,tek0177,노화,three_condition_case2_aged,50.0,7000.0,115.0,32.0,18.0
THREE_CONDITION_TEST_FILES,UNSEEN_3C,tek0168,정상,three_condition_case3_normal,45.0,6000.0,120.0,32.0,18.0
THREE_CONDITION_TEST_FILES,UNSEEN_3C,tek0178,노화,three_condition_case3_aged,45.0,6000.0,120.0,32.0,18.0
THREE_CONDITION_TEST_FILES,UNSEEN_3C,tek0169,정상,three_condition_case4_normal,45.0,5000.0,125.0,32.0,18.0
THREE_CONDITION_TEST_FILES,UNSEEN_3C,tek0179,노화,three_condition_case4_aged,45.0,5000.0,125.0,32.0,18.0
