file_key,tek_no,label,label_bin,status,role,source_list,condition_axis,condition_name,test_group,changed_conditions,f0_hz,fsw_hz,V1_llrms_v,R_ohm,L_mh,load_tag,op_point,paired_with_same_condition,tek_gap_to_pair,meas_block_inferred,block_has_train_files,op_point_measured_in_n_blocks
tek0017,17,정상,0,active,unseen(1_CONDITION_TEST),CONDITION_EXPERIMENTS,switching_frequency,reference_normal_unseen,,,60.0,8000.0,100.0,,,ref(R값 미기록),f0=60|fsw=8000|V1=100,tek0041,24.0,A(17-45),False,1.0
tek0018,18,정상,0,commented_only,not_used(commented_out),commented,,,,,60.0,8000.0,100.0,,,R미기록,f0=60|fsw=8000|V1=100,,,A(17-45),False,
tek0021,21,정상,0,active,unseen(1_CONDITION_TEST),CONDITION_EXPERIMENTS,switching_frequency,fsw3_normal_unseen,,,60.0,5000.0,100.0,,,R미기록,f0=60|fsw=5000|V1=100,tek0045,24.0,A(17-45),False,1.0
tek0025,25,정상,0,active,unseen(1_CONDITION_TEST),CONDITION_EXPERIMENTS,load_resistance,R3_normal_unseen,,,60.0,8000.0,100.0,,,R3(R값 미기록),f0=60|fsw=8000|V1=100,tek0033,8.0,A(17-45),False,1.0
tek0033,33,노화,1,active,unseen(1_CONDITION_TEST),CONDITION_EXPERIMENTS,load_resistance,R3_aged_unseen,,,60.0,8000.0,100.0,,,R3(R값 미기록),f0=60|fsw=8000|V1=100,tek0025,-8.0,A(17-45),False,1.0
tek0041,41,노화,1,active,unseen(1_CONDITION_TEST),CONDITION_EXPERIMENTS,switching_frequency,reference_aged_unseen,,,60.0,8000.0,100.0,,,ref(R값 미기록),f0=60|fsw=8000|V1=100,tek0017,-24.0,A(17-45),False,1.0
tek0042,42,노화,1,commented_only,not_used(commented_out),commented,,,,,60.0,8000.0,100.0,,,R미기록,f0=60|fsw=8000|V1=100,,,A(17-45),False,
tek0045,45,노화,1,active,unseen(1_CONDITION_TEST),CONDITION_EXPERIMENTS,switching_frequency,fsw3_aged_unseen,,,60.0,5000.0,100.0,,,R미기록,f0=60|fsw=5000|V1=100,tek0021,-24.0,A(17-45),False,1.0
tek0126,126,정상,0,active,unseen(1_CONDITION_TEST),CONDITION_EXPERIMENTS,fundamental_frequency,f0_3_normal_unseen,,,45.0,8000.0,100.0,,,R미기록,f0=45|fsw=8000|V1=100,tek0134,8.0,B(126-138),True,1.0
tek0127,127,정상,0,active,train(70/20/10 split),CONDITION_EXPERIMENTS,switching_frequency,fsw4_normal,,,60.0,2000.0,100.0,,,R미기록,f0=60|fsw=2000|V1=100,tek0135,8.0,B(126-138),True,1.0
tek0128,128,정상,0,active,train(70/20/10 split),CONDITION_EXPERIMENTS,fundamental_frequency,f0_4_normal,,,30.0,8000.0,100.0,,,R미기록,f0=30|fsw=8000|V1=100,tek0133,5.0,B(126-138),True,1.0
tek0129,129,정상,0,active,train(70/20/10 split),CONDITION_EXPERIMENTS,output_voltage,v_1_normal,,,60.0,8000.0,50.0,,,R미기록,f0=60|fsw=8000|V1=50,tek0132,3.0,B(126-138),True,1.0
tek0132,132,노화,1,active,train(70/20/10 split),CONDITION_EXPERIMENTS,output_voltage,v_1_aged,,,60.0,8000.0,50.0,,,R미기록,f0=60|fsw=8000|V1=50,tek0129,-3.0,B(126-138),True,1.0
tek0133,133,노화,1,active,train(70/20/10 split),CONDITION_EXPERIMENTS,fundamental_frequency,f0_4_aged,,,30.0,8000.0,100.0,,,R미기록,f0=30|fsw=8000|V1=100,tek0128,-5.0,B(126-138),True,1.0
tek0134,134,노화,1,active,unseen(1_CONDITION_TEST),CONDITION_EXPERIMENTS,fundamental_frequency,f0_3_aged_unseen,,,45.0,8000.0,100.0,,,R미기록,f0=45|fsw=8000|V1=100,tek0126,-8.0,B(126-138),True,1.0
tek0135,135,노화,1,active,train(70/20/10 split),CONDITION_EXPERIMENTS,switching_frequency,fsw4_aged,,,60.0,2000.0,100.0,,,R미기록,f0=60|fsw=2000|V1=100,tek0127,-8.0,B(126-138),True,1.0
tek0137,137,노화,1,active,train(70/20/10 split),CONDITION_EXPERIMENTS,load_resistance,R4_aged,,,60.0,8000.0,100.0,,,R4(R값 미기록),f0=60|fsw=8000|V1=100,tek0138,1.0,B(126-138),True,1.0
tek0138,138,정상,0,active,train(70/20/10 split),CONDITION_EXPERIMENTS,load_resistance,R4_normal,,,60.0,8000.0,100.0,,,R4(R값 미기록),f0=60|fsw=8000|V1=100,tek0137,-1.0,B(126-138),True,1.0
tek0143,143,정상,0,active,unseen(2_CONDITION_TEST),TWO_CONDITION_TEST_FILES,two_condition_test,two_condition_case5_normal,case_5_fsw_V1,fsw+V1,60.0,5000.0,125.0,32.0,18.0,32ohm/18mH,f0=60|fsw=5000|V1=125,tek0157,14.0,C(143-161),False,2.0
tek0145,145,정상,0,active,unseen(2_CONDITION_TEST),TWO_CONDITION_TEST_FILES,two_condition_test,two_condition_case6_normal,case_6_fsw_V1,fsw+V1,60.0,6000.0,115.0,32.0,18.0,32ohm/18mH,f0=60|fsw=6000|V1=115,tek0160,15.0,C(143-161),False,1.0
tek0146,146,정상,0,active,unseen(2_CONDITION_TEST),TWO_CONDITION_TEST_FILES,two_condition_test,two_condition_case4_normal,case_4_f0_V1,f0+V1,50.0,8000.0,115.0,32.0,18.0,32ohm/18mH,f0=50|fsw=8000|V1=115,tek0159,13.0,C(143-161),False,1.0
tek0147,147,정상,0,commented_only,not_used(commented_out),commented,,,,,50.0,6000.0,100.0,,,R미기록,f0=50|fsw=6000|V1=100,,,C(143-161),False,
tek0150,150,노화,1,active,unseen(2_CONDITION_TEST),TWO_CONDITION_TEST_FILES,two_condition_test,two_condition_case1_aged,case_1_f0_fsw,f0+fsw,45.0,5000.0,100.0,32.0,18.0,32ohm/18mH,f0=45|fsw=5000|V1=100,tek0153,3.0,C(143-161),False,2.0
tek0151,151,노화,1,active,unseen(2_CONDITION_TEST),TWO_CONDITION_TEST_FILES,two_condition_test,two_condition_case3_aged,case_3_f0_V1,f0+V1,45.0,8000.0,125.0,32.0,18.0,32ohm/18mH,f0=45|fsw=8000|V1=125,tek0154,3.0,C(143-161),False,2.0
tek0152,152,정상,0,active,unseen(1_CONDITION_TEST),CONDITION_EXPERIMENTS,output_voltage,v_3_normal_unseen,,,60.0,8000.0,125.0,,,R미기록,f0=60|fsw=8000|V1=125,tek0161,9.0,C(143-161),False,1.0
tek0153,153,정상,0,active,unseen(2_CONDITION_TEST),TWO_CONDITION_TEST_FILES,two_condition_test,two_condition_case1_normal,case_1_f0_fsw,f0+fsw,45.0,5000.0,100.0,32.0,18.0,32ohm/18mH,f0=45|fsw=5000|V1=100,tek0150,-3.0,C(143-161),False,2.0
tek0154,154,정상,0,active,unseen(2_CONDITION_TEST),TWO_CONDITION_TEST_FILES,two_condition_test,two_condition_case3_normal,case_3_f0_V1,f0+V1,45.0,8000.0,125.0,32.0,18.0,32ohm/18mH,f0=45|fsw=8000|V1=125,tek0151,-3.0,C(143-161),False,2.0
tek0157,157,노화,1,active,unseen(2_CONDITION_TEST),TWO_CONDITION_TEST_FILES,two_condition_test,two_condition_case5_aged,case_5_fsw_V1,fsw+V1,60.0,5000.0,125.0,32.0,18.0,32ohm/18mH,f0=60|fsw=5000|V1=125,tek0143,-14.0,C(143-161),False,2.0
tek0158,158,노화,1,commented_only,not_used(commented_out),commented,,,,,50.0,6000.0,100.0,,,R미기록,f0=50|fsw=6000|V1=100,,,C(143-161),False,
tek0159,159,노화,1,active,unseen(2_CONDITION_TEST),TWO_CONDITION_TEST_FILES,two_condition_test,two_condition_case4_aged,case_4_f0_V1,f0+V1,50.0,8000.0,115.0,32.0,18.0,32ohm/18mH,f0=50|fsw=8000|V1=115,tek0146,-13.0,C(143-161),False,1.0
tek0160,160,노화,1,active,unseen(2_CONDITION_TEST),TWO_CONDITION_TEST_FILES,two_condition_test,two_condition_case6_aged,case_6_fsw_V1,fsw+V1,60.0,6000.0,115.0,32.0,18.0,32ohm/18mH,f0=60|fsw=6000|V1=115,tek0145,-15.0,C(143-161),False,1.0
tek0161,161,노화,1,active,unseen(1_CONDITION_TEST),CONDITION_EXPERIMENTS,output_voltage,v_3_aged_unseen,,,60.0,8000.0,125.0,,,R미기록,f0=60|fsw=8000|V1=125,tek0152,-9.0,C(143-161),False,1.0
tek0163,163,정상,0,active,train(70/20/10 split),TWO_CONDITION_OUTER_TRAIN_FILES,two_condition_outer_train,two_condition_outer_1_normal,f0_fsw,f0+fsw,40.0,4000.0,100.0,32.0,18.0,32ohm/18mH,f0=40|fsw=4000|V1=100,tek0173,10.0,D(163-182),True,1.0
tek0164,164,정상,0,active,train(70/20/10 split),TWO_CONDITION_OUTER_TRAIN_FILES,two_condition_outer_train,two_condition_outer_2_normal,f0_V1,f0+V1,40.0,8000.0,135.0,32.0,18.0,32ohm/18mH,f0=40|fsw=8000|V1=135,tek0174,10.0,D(163-182),True,1.0
tek0165,165,정상,0,active,train(70/20/10 split),TWO_CONDITION_OUTER_TRAIN_FILES,two_condition_outer_train,two_condition_outer_3_normal,fsw_V1,fsw+V1,60.0,4000.0,135.0,32.0,18.0,32ohm/18mH,f0=60|fsw=4000|V1=135,tek0175,10.0,D(163-182),True,1.0
tek0166,166,정상,0,active,unseen(3_CONDITION_TEST),THREE_CONDITION_TEST_FILES,three_condition_test,three_condition_case1_normal,case_1_f0_fsw_V1,f0+fsw+V1,50.0,6000.0,110.0,32.0,18.0,32ohm/18mH,f0=50|fsw=6000|V1=110,tek0176,10.0,D(163-182),True,1.0
tek0167,167,정상,0,active,unseen(3_CONDITION_TEST),THREE_CONDITION_TEST_FILES,three_condition_test,three_condition_case2_normal,case_2_f0_fsw_V1,f0+fsw+V1,50.0,7000.0,115.0,32.0,18.0,32ohm/18mH,f0=50|fsw=7000|V1=115,tek0177,10.0,D(163-182),True,1.0
tek0168,168,정상,0,active,unseen(3_CONDITION_TEST),THREE_CONDITION_TEST_FILES,three_condition_test,three_condition_case3_normal,case_3_f0_fsw_V1,f0+fsw+V1,45.0,6000.0,120.0,32.0,18.0,32ohm/18mH,f0=45|fsw=6000|V1=120,tek0178,10.0,D(163-182),True,1.0
tek0169,169,정상,0,active,unseen(3_CONDITION_TEST),THREE_CONDITION_TEST_FILES,three_condition_test,three_condition_case4_normal,case_4_f0_fsw_V1,f0+fsw+V1,45.0,5000.0,125.0,32.0,18.0,32ohm/18mH,f0=45|fsw=5000|V1=125,tek0179,10.0,D(163-182),True,1.0
tek0170,170,정상,0,active,unseen(2_CONDITION_TEST),TWO_CONDITION_TEST_FILES,two_condition_test,two_condition_case7_normal,case_7_f0_fsw,f0+fsw,45.0,5000.0,100.0,32.0,18.0,32ohm/18mH,f0=45|fsw=5000|V1=100,tek0180,10.0,D(163-182),True,2.0
tek0171,171,정상,0,active,unseen(2_CONDITION_TEST),TWO_CONDITION_TEST_FILES,two_condition_test,two_condition_case8_normal,case_8_f0_V1,f0+V1,45.0,8000.0,125.0,32.0,18.0,32ohm/18mH,f0=45|fsw=8000|V1=125,tek0181,10.0,D(163-182),True,2.0
tek0172,172,정상,0,commented_only,not_used(commented_out),commented,,,,,60.0,5000.0,125.0,,,R미기록,f0=60|fsw=5000|V1=125,,,D(163-182),True,
tek0173,173,노화,1,active,train(70/20/10 split),TWO_CONDITION_OUTER_TRAIN_FILES,two_condition_outer_train,two_condition_outer_1_aged,f0_fsw,f0+fsw,40.0,4000.0,100.0,32.0,18.0,32ohm/18mH,f0=40|fsw=4000|V1=100,tek0163,-10.0,D(163-182),True,1.0
tek0174,174,노화,1,active,train(70/20/10 split),TWO_CONDITION_OUTER_TRAIN_FILES,two_condition_outer_train,two_condition_outer_2_aged,f0_V1,f0+V1,40.0,8000.0,135.0,32.0,18.0,32ohm/18mH,f0=40|fsw=8000|V1=135,tek0164,-10.0,D(163-182),True,1.0
tek0175,175,노화,1,active,train(70/20/10 split),TWO_CONDITION_OUTER_TRAIN_FILES,two_condition_outer_train,two_condition_outer_3_aged,fsw_V1,fsw+V1,60.0,4000.0,135.0,32.0,18.0,32ohm/18mH,f0=60|fsw=4000|V1=135,tek0165,-10.0,D(163-182),True,1.0
tek0176,176,노화,1,active,unseen(3_CONDITION_TEST),THREE_CONDITION_TEST_FILES,three_condition_test,three_condition_case1_aged,case_1_f0_fsw_V1,f0+fsw+V1,50.0,6000.0,110.0,32.0,18.0,32ohm/18mH,f0=50|fsw=6000|V1=110,tek0166,-10.0,D(163-182),True,1.0
tek0177,177,노화,1,active,unseen(3_CONDITION_TEST),THREE_CONDITION_TEST_FILES,three_condition_test,three_condition_case2_aged,case_2_f0_fsw_V1,f0+fsw+V1,50.0,7000.0,115.0,32.0,18.0,32ohm/18mH,f0=50|fsw=7000|V1=115,tek0167,-10.0,D(163-182),True,1.0
tek0178,178,노화,1,active,unseen(3_CONDITION_TEST),THREE_CONDITION_TEST_FILES,three_condition_test,three_condition_case3_aged,case_3_f0_fsw_V1,f0+fsw+V1,45.0,6000.0,120.0,32.0,18.0,32ohm/18mH,f0=45|fsw=6000|V1=120,tek0168,-10.0,D(163-182),True,1.0
tek0179,179,노화,1,active,unseen(3_CONDITION_TEST),THREE_CONDITION_TEST_FILES,three_condition_test,three_condition_case4_aged,case_4_f0_fsw_V1,f0+fsw+V1,45.0,5000.0,125.0,32.0,18.0,32ohm/18mH,f0=45|fsw=5000|V1=125,tek0169,-10.0,D(163-182),True,1.0
tek0180,180,노화,1,active,unseen(2_CONDITION_TEST),TWO_CONDITION_TEST_FILES,two_condition_test,two_condition_case7_aged,case_7_f0_fsw,f0+fsw,45.0,5000.0,100.0,32.0,18.0,32ohm/18mH,f0=45|fsw=5000|V1=100,tek0170,-10.0,D(163-182),True,2.0
tek0181,181,노화,1,active,unseen(2_CONDITION_TEST),TWO_CONDITION_TEST_FILES,two_condition_test,two_condition_case8_aged,case_8_f0_V1,f0+V1,45.0,8000.0,125.0,32.0,18.0,32ohm/18mH,f0=45|fsw=8000|V1=125,tek0171,-10.0,D(163-182),True,2.0
tek0182,182,노화,1,active,unseen(2_CONDITION_TEST),TWO_CONDITION_TEST_FILES,two_condition_test,two_condition_case9_aged,case_9_fsw_V1,fsw+V1,60.0,5000.0,125.0,32.0,18.0,32ohm/18mH,f0=60|fsw=5000|V1=125,,,D(163-182),True,2.0
tek0219,219,노화,1,active,train(70/20/10 split),CONDITION_EXPERIMENTS,switching_frequency,fsw1_aged,,,60.0,14000.0,100.0,,,R미기록,f0=60|fsw=14000|V1=100,tek0228,9.0,E(219-237),True,1.0
tek0220,220,노화,1,active,train(70/20/10 split),CONDITION_EXPERIMENTS,fundamental_frequency,f0_1_aged,,,90.0,8000.0,100.0,,,R미기록,f0=90|fsw=8000|V1=100,tek0227,7.0,E(219-237),True,1.0
tek0223,223,노화,1,active,train(70/20/10 split),CONDITION_EXPERIMENTS,output_voltage,v_3_aged,,,60.0,8000.0,200.0,,,R미기록,f0=60|fsw=8000|V1=200,tek0226,3.0,E(219-237),True,1.0
tek0224,224,노화,1,active,train(70/20/10 split),CONDITION_EXPERIMENTS,load_resistance,R1_aged,,,60.0,8000.0,100.0,,,R1(R값 미기록),f0=60|fsw=8000|V1=100,tek0225,1.0,E(219-237),True,1.0
tek0225,225,정상,0,active,train(70/20/10 split),CONDITION_EXPERIMENTS,load_resistance,R1_normal,,,60.0,8000.0,100.0,,,R1(R값 미기록),f0=60|fsw=8000|V1=100,tek0224,-1.0,E(219-237),True,1.0
tek0226,226,정상,0,active,train(70/20/10 split),CONDITION_EXPERIMENTS,output_voltage,v_4_normal,,,60.0,8000.0,200.0,,,R미기록,f0=60|fsw=8000|V1=200,tek0223,-3.0,E(219-237),True,1.0
tek0227,227,정상,0,active,train(70/20/10 split),CONDITION_EXPERIMENTS,fundamental_frequency,f0_1_normal,,,90.0,8000.0,100.0,,,R미기록,f0=90|fsw=8000|V1=100,tek0220,-7.0,E(219-237),True,1.0
tek0228,228,정상,0,active,train(70/20/10 split),CONDITION_EXPERIMENTS,switching_frequency,fsw1_normal,,,60.0,14000.0,100.0,,,R미기록,f0=60|fsw=14000|V1=100,tek0219,-9.0,E(219-237),True,1.0
tek0234,234,정상,0,active,unseen(2_CONDITION_TEST),TWO_CONDITION_TEST_FILES,two_condition_test,two_condition_case2_normal,case_2_f0_fsw,f0+fsw,50.0,6000.0,100.0,32.0,18.0,32ohm/18mH,f0=50|fsw=6000|V1=100,tek0237,3.0,E(219-237),True,1.0
tek0237,237,노화,1,active,unseen(2_CONDITION_TEST),TWO_CONDITION_TEST_FILES,two_condition_test,two_condition_case2_aged,case_2_f0_fsw,f0+fsw,50.0,6000.0,100.0,32.0,18.0,32ohm/18mH,f0=50|fsw=6000|V1=100,tek0234,-3.0,E(219-237),True,1.0
