role,key,uid,label,axis,name,pair,f0,fsw,v1,windows
TRAIN,tek0228,switching_frequency::tek0228,0,switching_frequency,fsw1_normal,TRAIN::switching_frequency::fsw1,60.0,14000.0,100.0,46
TRAIN,tek0219,switching_frequency::tek0219,1,switching_frequency,fsw1_aged,TRAIN::switching_frequency::fsw1,60.0,14000.0,100.0,46
TRAIN,tek0127,switching_frequency::tek0127,0,switching_frequency,fsw4_normal,TRAIN::switching_frequency::fsw4,60.0,2000.0,100.0,46
TRAIN,tek0135,switching_frequency::tek0135,1,switching_frequency,fsw4_aged,TRAIN::switching_frequency::fsw4,60.0,2000.0,100.0,46
TRAIN,tek0227,fundamental_frequency::tek0227,0,fundamental_frequency,f0_1_normal,TRAIN::fundamental_frequency::f0_1,90.0,8000.0,100.0,46
TRAIN,tek0220,fundamental_frequency::tek0220,1,fundamental_frequency,f0_1_aged,TRAIN::fundamental_frequency::f0_1,90.0,8000.0,100.0,46
TRAIN,tek0128,fundamental_frequency::tek0128,0,fundamental_frequency,f0_4_normal,TRAIN::fundamental_frequency::f0_4,30.0,8000.0,100.0,46
TRAIN,tek0133,fundamental_frequency::tek0133,1,fundamental_frequency,f0_4_aged,TRAIN::fundamental_frequency::f0_4,30.0,8000.0,100.0,46
TRAIN,tek0129,output_voltage::tek0129,0,output_voltage,v_1_normal,TRAIN::output_voltage::v_1,60.0,8000.0,50.0,46
TRAIN,tek0132,output_voltage::tek0132,1,output_voltage,v_1_aged,TRAIN::output_voltage::v_1,60.0,8000.0,50.0,46
TRAIN,tek0226,output_voltage::tek0226,0,output_voltage,v_4_normal,TRAIN::output_voltage::v_4,60.0,8000.0,200.0,46
TRAIN,tek0223,output_voltage::tek0223,1,output_voltage,v_3_aged,TRAIN::output_voltage::v_4,60.0,8000.0,200.0,46
TRAIN,tek0225,load_resistance::tek0225,0,load_resistance,R1_normal,TRAIN::load_resistance::R1,60.0,8000.0,100.0,46
TRAIN,tek0224,load_resistance::tek0224,1,load_resistance,R1_aged,TRAIN::load_resistance::R1,60.0,8000.0,100.0,46
TRAIN,tek0138,load_resistance::tek0138,0,load_resistance,R4_normal,TRAIN::load_resistance::R4,60.0,8000.0,100.0,46
TRAIN,tek0137,load_resistance::tek0137,1,load_resistance,R4_aged,TRAIN::load_resistance::R4,60.0,8000.0,100.0,46
TRAIN,tek0163,two_condition_outer_train::tek0163,0,two_condition_outer_train,two_condition_outer_1_normal,TRAIN::two_condition_outer_train::two_condition_outer_1,40.0,4000.0,100.0,46
TRAIN,tek0173,two_condition_outer_train::tek0173,1,two_condition_outer_train,two_condition_outer_1_aged,TRAIN::two_condition_outer_train::two_condition_outer_1,40.0,4000.0,100.0,46
TRAIN,tek0164,two_condition_outer_train::tek0164,0,two_condition_outer_train,two_condition_outer_2_normal,TRAIN::two_condition_outer_train::two_condition_outer_2,40.0,8000.0,135.0,46
TRAIN,tek0174,two_condition_outer_train::tek0174,1,two_condition_outer_train,two_condition_outer_2_aged,TRAIN::two_condition_outer_train::two_condition_outer_2,40.0,8000.0,135.0,46
TRAIN,tek0165,two_condition_outer_train::tek0165,0,two_condition_outer_train,two_condition_outer_3_normal,TRAIN::two_condition_outer_train::two_condition_outer_3,60.0,4000.0,135.0,46
TRAIN,tek0175,two_condition_outer_train::tek0175,1,two_condition_outer_train,two_condition_outer_3_aged,TRAIN::two_condition_outer_train::two_condition_outer_3,60.0,4000.0,135.0,46
1C,tek0017,switching_frequency::tek0017,0,switching_frequency,reference_normal_unseen,1C::switching_frequency::reference,60.0,8000.0,100.0,46
1C,tek0041,switching_frequency::tek0041,1,switching_frequency,reference_aged_unseen,1C::switching_frequency::reference,60.0,8000.0,100.0,46
1C,tek0021,switching_frequency::tek0021,0,switching_frequency,fsw3_normal_unseen,1C::switching_frequency::fsw3,60.0,5000.0,100.0,46
1C,tek0045,switching_frequency::tek0045,1,switching_frequency,fsw3_aged_unseen,1C::switching_frequency::fsw3,60.0,5000.0,100.0,46
1C,tek0126,fundamental_frequency::tek0126,0,fundamental_frequency,f0_3_normal_unseen,1C::fundamental_frequency::f0_3,45.0,8000.0,100.0,46
1C,tek0134,fundamental_frequency::tek0134,1,fundamental_frequency,f0_3_aged_unseen,1C::fundamental_frequency::f0_3,45.0,8000.0,100.0,46
1C,tek0152,output_voltage::tek0152,0,output_voltage,v_3_normal_unseen,1C::output_voltage::v_3,60.0,8000.0,125.0,46
1C,tek0161,output_voltage::tek0161,1,output_voltage,v_3_aged_unseen,1C::output_voltage::v_3,60.0,8000.0,125.0,46
1C,tek0025,load_resistance::tek0025,0,load_resistance,R3_normal_unseen,1C::load_resistance::R3,60.0,8000.0,100.0,46
1C,tek0033,load_resistance::tek0033,1,load_resistance,R3_aged_unseen,1C::load_resistance::R3,60.0,8000.0,100.0,46
2C,tek0153,two_condition_test::tek0153,0,two_condition_test,two_condition_case1_normal,2C::two_condition_test::two_condition_case1,45.0,5000.0,100.0,46
2C,tek0150,two_condition_test::tek0150,1,two_condition_test,two_condition_case1_aged,2C::two_condition_test::two_condition_case1,45.0,5000.0,100.0,46
2C,tek0170,two_condition_test::tek0170,0,two_condition_test,two_condition_case7_normal,2C::two_condition_test::two_condition_case7,45.0,5000.0,100.0,46
2C,tek0180,two_condition_test::tek0180,1,two_condition_test,two_condition_case7_aged,2C::two_condition_test::two_condition_case7,45.0,5000.0,100.0,46
2C,tek0234,two_condition_test::tek0234,0,two_condition_test,two_condition_case2_normal,2C::two_condition_test::two_condition_case2,50.0,6000.0,100.0,46
2C,tek0237,two_condition_test::tek0237,1,two_condition_test,two_condition_case2_aged,2C::two_condition_test::two_condition_case2,50.0,6000.0,100.0,46
2C,tek0154,two_condition_test::tek0154,0,two_condition_test,two_condition_case3_normal,2C::two_condition_test::two_condition_case3,45.0,8000.0,125.0,46
2C,tek0151,two_condition_test::tek0151,1,two_condition_test,two_condition_case3_aged,2C::two_condition_test::two_condition_case3,45.0,8000.0,125.0,46
2C,tek0171,two_condition_test::tek0171,0,two_condition_test,two_condition_case8_normal,2C::two_condition_test::two_condition_case8,45.0,8000.0,125.0,46
2C,tek0181,two_condition_test::tek0181,1,two_condition_test,two_condition_case8_aged,2C::two_condition_test::two_condition_case8,45.0,8000.0,125.0,46
2C,tek0146,two_condition_test::tek0146,0,two_condition_test,two_condition_case4_normal,2C::two_condition_test::two_condition_case4,50.0,8000.0,115.0,46
2C,tek0159,two_condition_test::tek0159,1,two_condition_test,two_condition_case4_aged,2C::two_condition_test::two_condition_case4,50.0,8000.0,115.0,46
2C,tek0143,two_condition_test::tek0143,0,two_condition_test,two_condition_case5_normal,2C::two_condition_test::two_condition_case5,60.0,5000.0,125.0,46
2C,tek0157,two_condition_test::tek0157,1,two_condition_test,two_condition_case5_aged,2C::two_condition_test::two_condition_case5,60.0,5000.0,125.0,46
2C,tek0182,two_condition_test::tek0182,1,two_condition_test,two_condition_case9_aged,2C::two_condition_test::two_condition_case9,60.0,5000.0,125.0,46
2C,tek0145,two_condition_test::tek0145,0,two_condition_test,two_condition_case6_normal,2C::two_condition_test::two_condition_case6,60.0,6000.0,115.0,46
2C,tek0160,two_condition_test::tek0160,1,two_condition_test,two_condition_case6_aged,2C::two_condition_test::two_condition_case6,60.0,6000.0,115.0,46
3C,tek0166,three_condition_test::tek0166,0,three_condition_test,three_condition_case1_normal,3C::three_condition_test::three_condition_case1,50.0,6000.0,110.0,46
3C,tek0176,three_condition_test::tek0176,1,three_condition_test,three_condition_case1_aged,3C::three_condition_test::three_condition_case1,50.0,6000.0,110.0,46
3C,tek0167,three_condition_test::tek0167,0,three_condition_test,three_condition_case2_normal,3C::three_condition_test::three_condition_case2,50.0,7000.0,115.0,46
3C,tek0177,three_condition_test::tek0177,1,three_condition_test,three_condition_case2_aged,3C::three_condition_test::three_condition_case2,50.0,7000.0,115.0,46
3C,tek0168,three_condition_test::tek0168,0,three_condition_test,three_condition_case3_normal,3C::three_condition_test::three_condition_case3,45.0,6000.0,120.0,46
3C,tek0178,three_condition_test::tek0178,1,three_condition_test,three_condition_case3_aged,3C::three_condition_test::three_condition_case3,45.0,6000.0,120.0,46
3C,tek0169,three_condition_test::tek0169,0,three_condition_test,three_condition_case4_normal,3C::three_condition_test::three_condition_case4,45.0,5000.0,125.0,46
3C,tek0179,three_condition_test::tek0179,1,three_condition_test,three_condition_case4_aged,3C::three_condition_test::three_condition_case4,45.0,5000.0,125.0,46
